category_priority,category_title,category_slug,category_legacy_titles,category_description,situation_priority,situation_title,situation_slug,situation_short_description
1,Семья и дети,semya-i-deti,Семья,"Развод, алименты, дети, опека, материнский капитал, брачный договор и семейные споры.",1,Развод,razvod,"Что делать, если ваша ситуация связана с темой: развод."
1,Семья и дети,semya-i-deti,Семья,"Развод, алименты, дети, опека, материнский капитал, брачный договор и семейные споры.",2,Раздел имущества супругов,razdel-imushchestva-suprugov,"Что делать, если ваша ситуация связана с темой: раздел имущества супругов."
1,Семья и дети,semya-i-deti,Семья,"Развод, алименты, дети, опека, материнский капитал, брачный договор и семейные споры.",3,Алименты,alimenty,"Что делать, если ваша ситуация связана с темой: алименты."
1,Семья и дети,semya-i-deti,Семья,"Развод, алименты, дети, опека, материнский капитал, брачный договор и семейные споры.",4,Долг по алиментам,dolg-po-alimentam,"Что делать, если ваша ситуация связана с темой: долг по алиментам."
1,Семья и дети,semya-i-deti,Семья,"Развод, алименты, дети, опека, материнский капитал, брачный договор и семейные споры.",5,Определение места жительства ребёнка,opredelenie-mesta-zhitelstva-rebenka,"Что делать, если ваша ситуация связана с темой: определение места жительства ребёнка."
1,Семья и дети,semya-i-deti,Семья,"Развод, алименты, дети, опека, материнский капитал, брачный договор и семейные споры.",6,Порядок общения с ребёнком,poryadok-obshcheniya-s-rebenkom,"Что делать, если ваша ситуация связана с темой: порядок общения с ребёнком."
1,Семья и дети,semya-i-deti,Семья,"Развод, алименты, дети, опека, материнский капитал, брачный договор и семейные споры.",7,Лишение и ограничение родительских прав,lishenie-i-ogranichenie-roditelskih-prav,"Что делать, если ваша ситуация связана с темой: лишение и ограничение родительских прав."
1,Семья и дети,semya-i-deti,Семья,"Развод, алименты, дети, опека, материнский капитал, брачный договор и семейные споры.",8,Установление или оспаривание отцовства,ustanovlenie-ili-osparivanie-otcovstva,"Что делать, если ваша ситуация связана с темой: установление или оспаривание отцовства."
1,Семья и дети,semya-i-deti,Семья,"Развод, алименты, дети, опека, материнский капитал, брачный договор и семейные споры.",9,Опека и попечительство,opeka-i-popechitelstvo,"Что делать, если ваша ситуация связана с темой: опека и попечительство."
1,Семья и дети,semya-i-deti,Семья,"Развод, алименты, дети, опека, материнский капитал, брачный договор и семейные споры.",10,Усыновление,usynovlenie,"Что делать, если ваша ситуация связана с темой: усыновление."
1,Семья и дети,semya-i-deti,Семья,"Развод, алименты, дети, опека, материнский капитал, брачный договор и семейные споры.",11,Материнский капитал,materinskiy-kapital,"Что делать, если ваша ситуация связана с темой: материнский капитал."
1,Семья и дети,semya-i-deti,Семья,"Развод, алименты, дети, опека, материнский капитал, брачный договор и семейные споры.",12,"Брак, ЗАГС и смена фамилии",brak-zags-i-smena-familii,"Что делать, если ваша ситуация связана с темой: брак, загс и смена фамилии."
1,Семья и дети,semya-i-deti,Семья,"Развод, алименты, дети, опека, материнский капитал, брачный договор и семейные споры.",13,Брачный договор,brachnyy-dogovor,"Что делать, если ваша ситуация связана с темой: брачный договор."
1,Семья и дети,semya-i-deti,Семья,"Развод, алименты, дети, опека, материнский капитал, брачный договор и семейные споры.",14,Насилие в семье,nasilie-v-seme,"Что делать, если ваша ситуация связана с темой: насилие в семье."
2,"Жильё, недвижимость и земля",zhile-nedvizhimost-i-zemlya,Недвижимость,"Квартира, дом, доли, прописка, выселение, аренда, ипотека, земля, Росреестр и споры с соседями.",1,Покупка и продажа квартиры,pokupka-i-prodazha-kvartiry,"Что делать, если ваша ситуация связана с темой: покупка и продажа квартиры."
2,"Жильё, недвижимость и земля",zhile-nedvizhimost-i-zemlya,Недвижимость,"Квартира, дом, доли, прописка, выселение, аренда, ипотека, земля, Росреестр и споры с соседями.",2,Доли в квартире,doli-v-kvartire,"Что делать, если ваша ситуация связана с темой: доли в квартире."
2,"Жильё, недвижимость и земля",zhile-nedvizhimost-i-zemlya,Недвижимость,"Квартира, дом, доли, прописка, выселение, аренда, ипотека, земля, Росреестр и споры с соседями.",3,Прописка и регистрация по месту жительства,propiska-i-registraciya-po-mestu-zhitelstva,"Что делать, если ваша ситуация связана с темой: прописка и регистрация по месту жительства."
2,"Жильё, недвижимость и земля",zhile-nedvizhimost-i-zemlya,Недвижимость,"Квартира, дом, доли, прописка, выселение, аренда, ипотека, земля, Росреестр и споры с соседями.",4,Снятие с регистрации,snyatie-s-registracii,"Что делать, если ваша ситуация связана с темой: снятие с регистрации."
2,"Жильё, недвижимость и земля",zhile-nedvizhimost-i-zemlya,Недвижимость,"Квартира, дом, доли, прописка, выселение, аренда, ипотека, земля, Росреестр и споры с соседями.",5,Выселение,vyselenie,"Что делать, если ваша ситуация связана с темой: выселение."
2,"Жильё, недвижимость и земля",zhile-nedvizhimost-i-zemlya,Недвижимость,"Квартира, дом, доли, прописка, выселение, аренда, ипотека, земля, Росреестр и споры с соседями.",6,Приватизация,privatizaciya,"Что делать, если ваша ситуация связана с темой: приватизация."
2,"Жильё, недвижимость и земля",zhile-nedvizhimost-i-zemlya,Недвижимость,"Квартира, дом, доли, прописка, выселение, аренда, ипотека, земля, Росреестр и споры с соседями.",7,Аренда жилья,arenda-zhilya,"Что делать, если ваша ситуация связана с темой: аренда жилья."
2,"Жильё, недвижимость и земля",zhile-nedvizhimost-i-zemlya,Недвижимость,"Квартира, дом, доли, прописка, выселение, аренда, ипотека, земля, Росреестр и споры с соседями.",8,Новостройки и долевое строительство,novostroyki-i-dolevoe-stroitelstvo,"Что делать, если ваша ситуация связана с темой: новостройки и долевое строительство."
2,"Жильё, недвижимость и земля",zhile-nedvizhimost-i-zemlya,Недвижимость,"Квартира, дом, доли, прописка, выселение, аренда, ипотека, земля, Росреестр и споры с соседями.",9,Ипотека,ipoteka,"Что делать, если ваша ситуация связана с темой: ипотека."
2,"Жильё, недвижимость и земля",zhile-nedvizhimost-i-zemlya,Недвижимость,"Квартира, дом, доли, прописка, выселение, аренда, ипотека, земля, Росреестр и споры с соседями.",10,Земельный участок,zemelnyy-uchastok,"Что делать, если ваша ситуация связана с темой: земельный участок."
2,"Жильё, недвижимость и земля",zhile-nedvizhimost-i-zemlya,Недвижимость,"Квартира, дом, доли, прописка, выселение, аренда, ипотека, земля, Росреестр и споры с соседями.",11,Границы участка и межевание,granicy-uchastka-i-mezhevanie,"Что делать, если ваша ситуация связана с темой: границы участка и межевание."
2,"Жильё, недвижимость и земля",zhile-nedvizhimost-i-zemlya,Недвижимость,"Квартира, дом, доли, прописка, выселение, аренда, ипотека, земля, Росреестр и споры с соседями.",12,"Гараж, СНТ и дача",garazh-snt-i-dacha,"Что делать, если ваша ситуация связана с темой: гараж, снт и дача."
2,"Жильё, недвижимость и земля",zhile-nedvizhimost-i-zemlya,Недвижимость,"Квартира, дом, доли, прописка, выселение, аренда, ипотека, земля, Росреестр и споры с соседями.",13,"Росреестр, кадастр и ЕГРН",rosreestr-kadastr-i-egrn,"Что делать, если ваша ситуация связана с темой: росреестр, кадастр и егрн."
2,"Жильё, недвижимость и земля",zhile-nedvizhimost-i-zemlya,Недвижимость,"Квартира, дом, доли, прописка, выселение, аренда, ипотека, земля, Росреестр и споры с соседями.",14,Затопление квартиры,zatoplenie-kvartiry,"Что делать, если ваша ситуация связана с темой: затопление квартиры."
2,"Жильё, недвижимость и земля",zhile-nedvizhimost-i-zemlya,Недвижимость,"Квартира, дом, доли, прописка, выселение, аренда, ипотека, земля, Росреестр и споры с соседями.",15,Споры с соседями,spory-s-sosedyami,"Что делать, если ваша ситуация связана с темой: споры с соседями."
3,"Военная служба, мобилизация и СВО",voennaya-sluzhba-mobilizaciya-i-svo,Воинский учёт,"Контракт, мобилизация, призыв, ВВК, рапорты, увольнение, отпуск, выплаты, ранения и права семьи военнослужащего.",1,Контрактная служба,kontraktnaya-sluzhba,"Что делать, если ваша ситуация связана с темой: контрактная служба."
3,"Военная служба, мобилизация и СВО",voennaya-sluzhba-mobilizaciya-i-svo,Воинский учёт,"Контракт, мобилизация, призыв, ВВК, рапорты, увольнение, отпуск, выплаты, ранения и права семьи военнослужащего.",2,Мобилизация,mobilizaciya,"Что делать, если ваша ситуация связана с темой: мобилизация."
3,"Военная служба, мобилизация и СВО",voennaya-sluzhba-mobilizaciya-i-svo,Воинский учёт,"Контракт, мобилизация, призыв, ВВК, рапорты, увольнение, отпуск, выплаты, ранения и права семьи военнослужащего.",3,Призыв,prizyv,"Что делать, если ваша ситуация связана с темой: призыв."
3,"Военная служба, мобилизация и СВО",voennaya-sluzhba-mobilizaciya-i-svo,Воинский учёт,"Контракт, мобилизация, призыв, ВВК, рапорты, увольнение, отпуск, выплаты, ранения и права семьи военнослужащего.",4,Отсрочка от службы,otsrochka-ot-sluzhby,"Что делать, если ваша ситуация связана с темой: отсрочка от службы."
3,"Военная служба, мобилизация и СВО",voennaya-sluzhba-mobilizaciya-i-svo,Воинский учёт,"Контракт, мобилизация, призыв, ВВК, рапорты, увольнение, отпуск, выплаты, ранения и права семьи военнослужащего.",5,ВВК и категория годности,vvk-i-kategoriya-godnosti,"Что делать, если ваша ситуация связана с темой: ввк и категория годности."
3,"Военная служба, мобилизация и СВО",voennaya-sluzhba-mobilizaciya-i-svo,Воинский учёт,"Контракт, мобилизация, призыв, ВВК, рапорты, увольнение, отпуск, выплаты, ранения и права семьи военнослужащего.",6,Рапорт,raport,"Что делать, если ваша ситуация связана с темой: рапорт."
3,"Военная служба, мобилизация и СВО",voennaya-sluzhba-mobilizaciya-i-svo,Воинский учёт,"Контракт, мобилизация, призыв, ВВК, рапорты, увольнение, отпуск, выплаты, ранения и права семьи военнослужащего.",7,Увольнение с военной службы,uvolnenie-s-voennoy-sluzhby,"Что делать, если ваша ситуация связана с темой: увольнение с военной службы."
3,"Военная служба, мобилизация и СВО",voennaya-sluzhba-mobilizaciya-i-svo,Воинский учёт,"Контракт, мобилизация, призыв, ВВК, рапорты, увольнение, отпуск, выплаты, ранения и права семьи военнослужащего.",8,Перевод в другую часть,perevod-v-druguyu-chast,"Что делать, если ваша ситуация связана с темой: перевод в другую часть."
3,"Военная служба, мобилизация и СВО",voennaya-sluzhba-mobilizaciya-i-svo,Воинский учёт,"Контракт, мобилизация, призыв, ВВК, рапорты, увольнение, отпуск, выплаты, ранения и права семьи военнослужащего.",9,Отпуск военнослужащего,otpusk-voennosluzhashchego,"Что делать, если ваша ситуация связана с темой: отпуск военнослужащего."
3,"Военная служба, мобилизация и СВО",voennaya-sluzhba-mobilizaciya-i-svo,Воинский учёт,"Контракт, мобилизация, призыв, ВВК, рапорты, увольнение, отпуск, выплаты, ранения и права семьи военнослужащего.",10,Денежное довольствие,denezhnoe-dovolstvie,"Что делать, если ваша ситуация связана с темой: денежное довольствие."
3,"Военная служба, мобилизация и СВО",voennaya-sluzhba-mobilizaciya-i-svo,Воинский учёт,"Контракт, мобилизация, призыв, ВВК, рапорты, увольнение, отпуск, выплаты, ранения и права семьи военнослужащего.",11,Выплаты за участие в СВО,vyplaty-za-uchastie-v-svo,"Что делать, если ваша ситуация связана с темой: выплаты за участие в сво."
3,"Военная служба, мобилизация и СВО",voennaya-sluzhba-mobilizaciya-i-svo,Воинский учёт,"Контракт, мобилизация, призыв, ВВК, рапорты, увольнение, отпуск, выплаты, ранения и права семьи военнослужащего.",12,"Ранение, травма, госпиталь",ranenie-travma-gospital,"Что делать, если ваша ситуация связана с темой: ранение, травма, госпиталь."
3,"Военная служба, мобилизация и СВО",voennaya-sluzhba-mobilizaciya-i-svo,Воинский учёт,"Контракт, мобилизация, призыв, ВВК, рапорты, увольнение, отпуск, выплаты, ранения и права семьи военнослужащего.",13,Гибель военнослужащего и выплаты семье,gibel-voennosluzhashchego-i-vyplaty-seme,"Что делать, если ваша ситуация связана с темой: гибель военнослужащего и выплаты семье."
3,"Военная служба, мобилизация и СВО",voennaya-sluzhba-mobilizaciya-i-svo,Воинский учёт,"Контракт, мобилизация, призыв, ВВК, рапорты, увольнение, отпуск, выплаты, ранения и права семьи военнослужащего.",14,Дисциплинарные взыскания,disciplinarnye-vzyskaniya,"Что делать, если ваша ситуация связана с темой: дисциплинарные взыскания."
3,"Военная служба, мобилизация и СВО",voennaya-sluzhba-mobilizaciya-i-svo,Воинский учёт,"Контракт, мобилизация, призыв, ВВК, рапорты, увольнение, отпуск, выплаты, ранения и права семьи военнослужащего.",15,Самовольное оставление части,samovolnoe-ostavlenie-chasti,"Что делать, если ваша ситуация связана с темой: самовольное оставление части."
3,"Военная служба, мобилизация и СВО",voennaya-sluzhba-mobilizaciya-i-svo,Воинский учёт,"Контракт, мобилизация, призыв, ВВК, рапорты, увольнение, отпуск, выплаты, ранения и права семьи военнослужащего.",16,Военная ипотека,voennaya-ipoteka,"Что делать, если ваша ситуация связана с темой: военная ипотека."
4,"Работа, зарплата и трудовые права",rabota-zarplata-i-trudovye-prava,Работа,"Увольнение, сокращение, зарплата, больничный, декрет, отпуск, работа без договора и конфликты с работодателем.",1,Увольнение,uvolnenie,"Что делать, если ваша ситуация связана с темой: увольнение."
4,"Работа, зарплата и трудовые права",rabota-zarplata-i-trudovye-prava,Работа,"Увольнение, сокращение, зарплата, больничный, декрет, отпуск, работа без договора и конфликты с работодателем.",2,Сокращение,sokrashchenie,"Что делать, если ваша ситуация связана с темой: сокращение."
4,"Работа, зарплата и трудовые права",rabota-zarplata-i-trudovye-prava,Работа,"Увольнение, сокращение, зарплата, больничный, декрет, отпуск, работа без договора и конфликты с работодателем.",3,Невыплата зарплаты,nevyplata-zarplaty,"Что делать, если ваша ситуация связана с темой: невыплата зарплаты."
4,"Работа, зарплата и трудовые права",rabota-zarplata-i-trudovye-prava,Работа,"Увольнение, сокращение, зарплата, больничный, декрет, отпуск, работа без договора и конфликты с работодателем.",4,Работа без трудового договора,rabota-bez-trudovogo-dogovora,"Что делать, если ваша ситуация связана с темой: работа без трудового договора."
4,"Работа, зарплата и трудовые права",rabota-zarplata-i-trudovye-prava,Работа,"Увольнение, сокращение, зарплата, больничный, декрет, отпуск, работа без договора и конфликты с работодателем.",5,Больничный,bolnichnyy,"Что делать, если ваша ситуация связана с темой: больничный."
4,"Работа, зарплата и трудовые права",rabota-zarplata-i-trudovye-prava,Работа,"Увольнение, сокращение, зарплата, больничный, декрет, отпуск, работа без договора и конфликты с работодателем.",6,Декрет,dekret,"Что делать, если ваша ситуация связана с темой: декрет."
4,"Работа, зарплата и трудовые права",rabota-zarplata-i-trudovye-prava,Работа,"Увольнение, сокращение, зарплата, больничный, декрет, отпуск, работа без договора и конфликты с работодателем.",7,Отпуск,otpusk,"Что делать, если ваша ситуация связана с темой: отпуск."
4,"Работа, зарплата и трудовые права",rabota-zarplata-i-trudovye-prava,Работа,"Увольнение, сокращение, зарплата, больничный, декрет, отпуск, работа без договора и конфликты с работодателем.",8,Материальная ответственность,materialnaya-otvetstvennost,"Что делать, если ваша ситуация связана с темой: материальная ответственность."
4,"Работа, зарплата и трудовые права",rabota-zarplata-i-trudovye-prava,Работа,"Увольнение, сокращение, зарплата, больничный, декрет, отпуск, работа без договора и конфликты с работодателем.",9,Травма на работе,travma-na-rabote,"Что делать, если ваша ситуация связана с темой: травма на работе."
4,"Работа, зарплата и трудовые права",rabota-zarplata-i-trudovye-prava,Работа,"Увольнение, сокращение, зарплата, больничный, декрет, отпуск, работа без договора и конфликты с работодателем.",10,Дискриминация и конфликт с работодателем,diskriminaciya-i-konflikt-s-rabotodatelem,"Что делать, если ваша ситуация связана с темой: дискриминация и конфликт с работодателем."
4,"Работа, зарплата и трудовые права",rabota-zarplata-i-trudovye-prava,Работа,"Увольнение, сокращение, зарплата, больничный, декрет, отпуск, работа без договора и конфликты с работодателем.",11,Дистанционная работа,distancionnaya-rabota,"Что делать, если ваша ситуация связана с темой: дистанционная работа."
4,"Работа, зарплата и трудовые права",rabota-zarplata-i-trudovye-prava,Работа,"Увольнение, сокращение, зарплата, больничный, декрет, отпуск, работа без договора и конфликты с работодателем.",12,Самозанятый и трудовые отношения,samozanyatyy-i-trudovye-otnosheniya,"Что делать, если ваша ситуация связана с темой: самозанятый и трудовые отношения."
5,"Долги, кредиты и приставы",dolgi-kredity-i-pristavy,Долги и кредиты; Приставы,"Кредиты, микрозаймы, судебные приказы, приставы, аресты карт, списания, коллекторы и банкротство.",1,Судебный приказ,sudebnyy-prikaz,"Что делать, если ваша ситуация связана с темой: судебный приказ."
5,"Долги, кредиты и приставы",dolgi-kredity-i-pristavy,Долги и кредиты; Приставы,"Кредиты, микрозаймы, судебные приказы, приставы, аресты карт, списания, коллекторы и банкротство.",2,Исполнительное производство,ispolnitelnoe-proizvodstvo,"Что делать, если ваша ситуация связана с темой: исполнительное производство."
5,"Долги, кредиты и приставы",dolgi-kredity-i-pristavy,Долги и кредиты; Приставы,"Кредиты, микрозаймы, судебные приказы, приставы, аресты карт, списания, коллекторы и банкротство.",3,Арест карты или счёта,arest-karty-ili-scheta,"Что делать, если ваша ситуация связана с темой: арест карты или счёта."
5,"Долги, кредиты и приставы",dolgi-kredity-i-pristavy,Долги и кредиты; Приставы,"Кредиты, микрозаймы, судебные приказы, приставы, аресты карт, списания, коллекторы и банкротство.",4,Списание денег приставами,spisanie-deneg-pristavami,"Что делать, если ваша ситуация связана с темой: списание денег приставами."
5,"Долги, кредиты и приставы",dolgi-kredity-i-pristavy,Долги и кредиты; Приставы,"Кредиты, микрозаймы, судебные приказы, приставы, аресты карт, списания, коллекторы и банкротство.",5,Сохранение прожиточного минимума,sohranenie-prozhitochnogo-minimuma,"Что делать, если ваша ситуация связана с темой: сохранение прожиточного минимума."
5,"Долги, кредиты и приставы",dolgi-kredity-i-pristavy,Долги и кредиты; Приставы,"Кредиты, микрозаймы, судебные приказы, приставы, аресты карт, списания, коллекторы и банкротство.",6,Коллекторы,kollektory,"Что делать, если ваша ситуация связана с темой: коллекторы."
5,"Долги, кредиты и приставы",dolgi-kredity-i-pristavy,Долги и кредиты; Приставы,"Кредиты, микрозаймы, судебные приказы, приставы, аресты карт, списания, коллекторы и банкротство.",7,Микрозаймы,mikrozaymy,"Что делать, если ваша ситуация связана с темой: микрозаймы."
5,"Долги, кредиты и приставы",dolgi-kredity-i-pristavy,Долги и кредиты; Приставы,"Кредиты, микрозаймы, судебные приказы, приставы, аресты карт, списания, коллекторы и банкротство.",8,Кредит,kredit,"Что делать, если ваша ситуация связана с темой: кредит."
5,"Долги, кредиты и приставы",dolgi-kredity-i-pristavy,Долги и кредиты; Приставы,"Кредиты, микрозаймы, судебные приказы, приставы, аресты карт, списания, коллекторы и банкротство.",9,Ипотечный долг,ipotechnyy-dolg,"Что делать, если ваша ситуация связана с темой: ипотечный долг."
5,"Долги, кредиты и приставы",dolgi-kredity-i-pristavy,Долги и кредиты; Приставы,"Кредиты, микрозаймы, судебные приказы, приставы, аресты карт, списания, коллекторы и банкротство.",10,Банкротство физического лица,bankrotstvo-fizicheskogo-lica,"Что делать, если ваша ситуация связана с темой: банкротство физического лица."
5,"Долги, кредиты и приставы",dolgi-kredity-i-pristavy,Долги и кредиты; Приставы,"Кредиты, микрозаймы, судебные приказы, приставы, аресты карт, списания, коллекторы и банкротство.",11,Чужой долг,chuzhoy-dolg,"Что делать, если ваша ситуация связана с темой: чужой долг."
5,"Долги, кредиты и приставы",dolgi-kredity-i-pristavy,Долги и кредиты; Приставы,"Кредиты, микрозаймы, судебные приказы, приставы, аресты карт, списания, коллекторы и банкротство.",12,Ошибочное взыскание,oshibochnoe-vzyskanie,"Что делать, если ваша ситуация связана с темой: ошибочное взыскание."
5,"Долги, кредиты и приставы",dolgi-kredity-i-pristavy,Долги и кредиты; Приставы,"Кредиты, микрозаймы, судебные приказы, приставы, аресты карт, списания, коллекторы и банкротство.",13,Долги по ЖКХ,dolgi-po-zhkh,"Что делать, если ваша ситуация связана с темой: долги по жкх."
5,"Долги, кредиты и приставы",dolgi-kredity-i-pristavy,Долги и кредиты; Приставы,"Кредиты, микрозаймы, судебные приказы, приставы, аресты карт, списания, коллекторы и банкротство.",14,Долги по алиментам,dolgi-po-alimentam,"Что делать, если ваша ситуация связана с темой: долги по алиментам."
5,"Долги, кредиты и приставы",dolgi-kredity-i-pristavy,Долги и кредиты; Приставы,"Кредиты, микрозаймы, судебные приказы, приставы, аресты карт, списания, коллекторы и банкротство.",15,Запрет на выезд,zapret-na-vyezd,"Что делать, если ваша ситуация связана с темой: запрет на выезд."
6,"Миграция, гражданство и въезд в РФ",migraciya-grazhdanstvo-i-vezd-v-rf,Миграция,"Регистрация иностранцев, миграционный учёт, РВП, ВНЖ, гражданство, патент, виза, депортация и запрет на въезд.",1,Регистрация иностранца,registraciya-inostranca,"Что делать, если ваша ситуация связана с темой: регистрация иностранца."
6,"Миграция, гражданство и въезд в РФ",migraciya-grazhdanstvo-i-vezd-v-rf,Миграция,"Регистрация иностранцев, миграционный учёт, РВП, ВНЖ, гражданство, патент, виза, депортация и запрет на въезд.",2,Миграционный учёт,migracionnyy-uchet,"Что делать, если ваша ситуация связана с темой: миграционный учёт."
6,"Миграция, гражданство и въезд в РФ",migraciya-grazhdanstvo-i-vezd-v-rf,Миграция,"Регистрация иностранцев, миграционный учёт, РВП, ВНЖ, гражданство, патент, виза, депортация и запрет на въезд.",3,РВП,rvp,"Что делать, если ваша ситуация связана с темой: рвп."
6,"Миграция, гражданство и въезд в РФ",migraciya-grazhdanstvo-i-vezd-v-rf,Миграция,"Регистрация иностранцев, миграционный учёт, РВП, ВНЖ, гражданство, патент, виза, депортация и запрет на въезд.",4,ВНЖ,vnzh,"Что делать, если ваша ситуация связана с темой: внж."
6,"Миграция, гражданство и въезд в РФ",migraciya-grazhdanstvo-i-vezd-v-rf,Миграция,"Регистрация иностранцев, миграционный учёт, РВП, ВНЖ, гражданство, патент, виза, депортация и запрет на въезд.",5,Гражданство РФ,grazhdanstvo-rf,"Что делать, если ваша ситуация связана с темой: гражданство рф."
6,"Миграция, гражданство и въезд в РФ",migraciya-grazhdanstvo-i-vezd-v-rf,Миграция,"Регистрация иностранцев, миграционный учёт, РВП, ВНЖ, гражданство, патент, виза, депортация и запрет на въезд.",6,Патент на работу,patent-na-rabotu,"Что делать, если ваша ситуация связана с темой: патент на работу."
6,"Миграция, гражданство и въезд в РФ",migraciya-grazhdanstvo-i-vezd-v-rf,Миграция,"Регистрация иностранцев, миграционный учёт, РВП, ВНЖ, гражданство, патент, виза, депортация и запрет на въезд.",7,Разрешение на работу,razreshenie-na-rabotu,"Что делать, если ваша ситуация связана с темой: разрешение на работу."
6,"Миграция, гражданство и въезд в РФ",migraciya-grazhdanstvo-i-vezd-v-rf,Миграция,"Регистрация иностранцев, миграционный учёт, РВП, ВНЖ, гражданство, патент, виза, депортация и запрет на въезд.",8,Учёба иностранного студента,ucheba-inostrannogo-studenta,"Что делать, если ваша ситуация связана с темой: учёба иностранного студента."
6,"Миграция, гражданство и въезд в РФ",migraciya-grazhdanstvo-i-vezd-v-rf,Миграция,"Регистрация иностранцев, миграционный учёт, РВП, ВНЖ, гражданство, патент, виза, депортация и запрет на въезд.",9,Виза,viza,"Что делать, если ваша ситуация связана с темой: виза."
6,"Миграция, гражданство и въезд в РФ",migraciya-grazhdanstvo-i-vezd-v-rf,Миграция,"Регистрация иностранцев, миграционный учёт, РВП, ВНЖ, гражданство, патент, виза, депортация и запрет на въезд.",10,Депортация,deportaciya,"Что делать, если ваша ситуация связана с темой: депортация."
6,"Миграция, гражданство и въезд в РФ",migraciya-grazhdanstvo-i-vezd-v-rf,Миграция,"Регистрация иностранцев, миграционный учёт, РВП, ВНЖ, гражданство, патент, виза, депортация и запрет на въезд.",11,Выдворение,vydvorenie,"Что делать, если ваша ситуация связана с темой: выдворение."
6,"Миграция, гражданство и въезд в РФ",migraciya-grazhdanstvo-i-vezd-v-rf,Миграция,"Регистрация иностранцев, миграционный учёт, РВП, ВНЖ, гражданство, патент, виза, депортация и запрет на въезд.",12,Запрет на въезд,zapret-na-vezd,"Что делать, если ваша ситуация связана с темой: запрет на въезд."
6,"Миграция, гражданство и въезд в РФ",migraciya-grazhdanstvo-i-vezd-v-rf,Миграция,"Регистрация иностранцев, миграционный учёт, РВП, ВНЖ, гражданство, патент, виза, депортация и запрет на въезд.",13,Реестр контролируемых лиц,reestr-kontroliruemyh-lic,"Что делать, если ваша ситуация связана с темой: реестр контролируемых лиц."
6,"Миграция, гражданство и въезд в РФ",migraciya-grazhdanstvo-i-vezd-v-rf,Миграция,"Регистрация иностранцев, миграционный учёт, РВП, ВНЖ, гражданство, патент, виза, депортация и запрет на въезд.",14,Брак с иностранцем,brak-s-inostrancem,"Что делать, если ваша ситуация связана с темой: брак с иностранцем."
6,"Миграция, гражданство и въезд в РФ",migraciya-grazhdanstvo-i-vezd-v-rf,Миграция,"Регистрация иностранцев, миграционный учёт, РВП, ВНЖ, гражданство, патент, виза, депортация и запрет на въезд.",15,Документы ребёнка-иностранца,dokumenty-rebenka-inostranca,"Что делать, если ваша ситуация связана с темой: документы ребёнка-иностранца."
7,"Покупки, услуги и защита потребителей",pokupki-uslugi-i-zashchita-potrebiteley,Потребители,"Возврат товара, некачественный товар или услуга, гарантия, маркетплейсы, туризм, навязанные услуги и споры с банком.",1,Возврат товара,vozvrat-tovara,"Что делать, если ваша ситуация связана с темой: возврат товара."
7,"Покупки, услуги и защита потребителей",pokupki-uslugi-i-zashchita-potrebiteley,Потребители,"Возврат товара, некачественный товар или услуга, гарантия, маркетплейсы, туризм, навязанные услуги и споры с банком.",2,Некачественный товар,nekachestvennyy-tovar,"Что делать, если ваша ситуация связана с темой: некачественный товар."
7,"Покупки, услуги и защита потребителей",pokupki-uslugi-i-zashchita-potrebiteley,Потребители,"Возврат товара, некачественный товар или услуга, гарантия, маркетплейсы, туризм, навязанные услуги и споры с банком.",3,Гарантийный ремонт,garantiynyy-remont,"Что делать, если ваша ситуация связана с темой: гарантийный ремонт."
7,"Покупки, услуги и защита потребителей",pokupki-uslugi-i-zashchita-potrebiteley,Потребители,"Возврат товара, некачественный товар или услуга, гарантия, маркетплейсы, туризм, навязанные услуги и споры с банком.",4,Некачественная услуга,nekachestvennaya-usluga,"Что делать, если ваша ситуация связана с темой: некачественная услуга."
7,"Покупки, услуги и защита потребителей",pokupki-uslugi-i-zashchita-potrebiteley,Потребители,"Возврат товара, некачественный товар или услуга, гарантия, маркетплейсы, туризм, навязанные услуги и споры с банком.",5,Онлайн-покупка,onlayn-pokupka,"Что делать, если ваша ситуация связана с темой: онлайн-покупка."
7,"Покупки, услуги и защита потребителей",pokupki-uslugi-i-zashchita-potrebiteley,Потребители,"Возврат товара, некачественный товар или услуга, гарантия, маркетплейсы, туризм, навязанные услуги и споры с банком.",6,Маркетплейс,marketpleys,"Что делать, если ваша ситуация связана с темой: маркетплейс."
7,"Покупки, услуги и защита потребителей",pokupki-uslugi-i-zashchita-potrebiteley,Потребители,"Возврат товара, некачественный товар или услуга, гарантия, маркетплейсы, туризм, навязанные услуги и споры с банком.",7,Туристические услуги,turisticheskie-uslugi,"Что делать, если ваша ситуация связана с темой: туристические услуги."
7,"Покупки, услуги и защита потребителей",pokupki-uslugi-i-zashchita-potrebiteley,Потребители,"Возврат товара, некачественный товар или услуга, гарантия, маркетплейсы, туризм, навязанные услуги и споры с банком.",8,Медицинские услуги,medicinskie-uslugi,"Что делать, если ваша ситуация связана с темой: медицинские услуги."
7,"Покупки, услуги и защита потребителей",pokupki-uslugi-i-zashchita-potrebiteley,Потребители,"Возврат товара, некачественный товар или услуга, гарантия, маркетплейсы, туризм, навязанные услуги и споры с банком.",9,Образовательные услуги,obrazovatelnye-uslugi,"Что делать, если ваша ситуация связана с темой: образовательные услуги."
7,"Покупки, услуги и защита потребителей",pokupki-uslugi-i-zashchita-potrebiteley,Потребители,"Возврат товара, некачественный товар или услуга, гарантия, маркетплейсы, туризм, навязанные услуги и споры с банком.",10,Навязанные услуги,navyazannye-uslugi,"Что делать, если ваша ситуация связана с темой: навязанные услуги."
7,"Покупки, услуги и защита потребителей",pokupki-uslugi-i-zashchita-potrebiteley,Потребители,"Возврат товара, некачественный товар или услуга, гарантия, маркетплейсы, туризм, навязанные услуги и споры с банком.",11,Спор с банком,spor-s-bankom,"Что делать, если ваша ситуация связана с темой: спор с банком."
7,"Покупки, услуги и защита потребителей",pokupki-uslugi-i-zashchita-potrebiteley,Потребители,"Возврат товара, некачественный товар или услуга, гарантия, маркетплейсы, туризм, навязанные услуги и споры с банком.",12,Мошенничество при покупке,moshennichestvo-pri-pokupke,"Что делать, если ваша ситуация связана с темой: мошенничество при покупке."
8,"Авто, ДТП, штрафы и транспорт",avto-dtp-shtrafy-i-transport,Авто,"ДТП, ОСАГО, КАСКО, штрафы ГИБДД, лишение прав, покупка и продажа автомобиля, автокредит и споры с автосервисом.",1,ДТП,dtp,"Что делать, если ваша ситуация связана с темой: дтп."
8,"Авто, ДТП, штрафы и транспорт",avto-dtp-shtrafy-i-transport,Авто,"ДТП, ОСАГО, КАСКО, штрафы ГИБДД, лишение прав, покупка и продажа автомобиля, автокредит и споры с автосервисом.",2,ОСАГО,osago,"Что делать, если ваша ситуация связана с темой: осаго."
8,"Авто, ДТП, штрафы и транспорт",avto-dtp-shtrafy-i-transport,Авто,"ДТП, ОСАГО, КАСКО, штрафы ГИБДД, лишение прав, покупка и продажа автомобиля, автокредит и споры с автосервисом.",3,КАСКО,kasko,"Что делать, если ваша ситуация связана с темой: каско."
8,"Авто, ДТП, штрафы и транспорт",avto-dtp-shtrafy-i-transport,Авто,"ДТП, ОСАГО, КАСКО, штрафы ГИБДД, лишение прав, покупка и продажа автомобиля, автокредит и споры с автосервисом.",4,Штрафы ГИБДД,shtrafy-gibdd,"Что делать, если ваша ситуация связана с темой: штрафы гибдд."
8,"Авто, ДТП, штрафы и транспорт",avto-dtp-shtrafy-i-transport,Авто,"ДТП, ОСАГО, КАСКО, штрафы ГИБДД, лишение прав, покупка и продажа автомобиля, автокредит и споры с автосервисом.",5,Лишение водительских прав,lishenie-voditelskih-prav,"Что делать, если ваша ситуация связана с темой: лишение водительских прав."
8,"Авто, ДТП, штрафы и транспорт",avto-dtp-shtrafy-i-transport,Авто,"ДТП, ОСАГО, КАСКО, штрафы ГИБДД, лишение прав, покупка и продажа автомобиля, автокредит и споры с автосервисом.",6,Продажа автомобиля,prodazha-avtomobilya,"Что делать, если ваша ситуация связана с темой: продажа автомобиля."
8,"Авто, ДТП, штрафы и транспорт",avto-dtp-shtrafy-i-transport,Авто,"ДТП, ОСАГО, КАСКО, штрафы ГИБДД, лишение прав, покупка и продажа автомобиля, автокредит и споры с автосервисом.",7,Покупка автомобиля,pokupka-avtomobilya,"Что делать, если ваша ситуация связана с темой: покупка автомобиля."
8,"Авто, ДТП, штрафы и транспорт",avto-dtp-shtrafy-i-transport,Авто,"ДТП, ОСАГО, КАСКО, штрафы ГИБДД, лишение прав, покупка и продажа автомобиля, автокредит и споры с автосервисом.",8,Автокредит,avtokredit,"Что делать, если ваша ситуация связана с темой: автокредит."
8,"Авто, ДТП, штрафы и транспорт",avto-dtp-shtrafy-i-transport,Авто,"ДТП, ОСАГО, КАСКО, штрафы ГИБДД, лишение прав, покупка и продажа автомобиля, автокредит и споры с автосервисом.",9,Эвакуация автомобиля,evakuaciya-avtomobilya,"Что делать, если ваша ситуация связана с темой: эвакуация автомобиля."
8,"Авто, ДТП, штрафы и транспорт",avto-dtp-shtrafy-i-transport,Авто,"ДТП, ОСАГО, КАСКО, штрафы ГИБДД, лишение прав, покупка и продажа автомобиля, автокредит и споры с автосервисом.",10,Регистрация автомобиля,registraciya-avtomobilya,"Что делать, если ваша ситуация связана с темой: регистрация автомобиля."
8,"Авто, ДТП, штрафы и транспорт",avto-dtp-shtrafy-i-transport,Авто,"ДТП, ОСАГО, КАСКО, штрафы ГИБДД, лишение прав, покупка и продажа автомобиля, автокредит и споры с автосервисом.",11,Споры с автосервисом,spory-s-avtoservisom,"Что делать, если ваша ситуация связана с темой: споры с автосервисом."
9,Наследство,nasledstvo,,"Вступление в наследство, сроки, завещание, наследство без завещания, обязательная доля, долги и споры наследников.",1,Вступление в наследство,vstuplenie-v-nasledstvo,"Что делать, если ваша ситуация связана с темой: вступление в наследство."
9,Наследство,nasledstvo,,"Вступление в наследство, сроки, завещание, наследство без завещания, обязательная доля, долги и споры наследников.",2,Срок принятия наследства,srok-prinyatiya-nasledstva,"Что делать, если ваша ситуация связана с темой: срок принятия наследства."
9,Наследство,nasledstvo,,"Вступление в наследство, сроки, завещание, наследство без завещания, обязательная доля, долги и споры наследников.",3,Завещание,zaveshchanie,"Что делать, если ваша ситуация связана с темой: завещание."
9,Наследство,nasledstvo,,"Вступление в наследство, сроки, завещание, наследство без завещания, обязательная доля, долги и споры наследников.",4,Наследство без завещания,nasledstvo-bez-zaveshchaniya,"Что делать, если ваша ситуация связана с темой: наследство без завещания."
9,Наследство,nasledstvo,,"Вступление в наследство, сроки, завещание, наследство без завещания, обязательная доля, долги и споры наследников.",5,Обязательная доля,obyazatelnaya-dolya,"Что делать, если ваша ситуация связана с темой: обязательная доля."
9,Наследство,nasledstvo,,"Вступление в наследство, сроки, завещание, наследство без завещания, обязательная доля, долги и споры наследников.",6,Наследственные долги,nasledstvennye-dolgi,"Что делать, если ваша ситуация связана с темой: наследственные долги."
9,Наследство,nasledstvo,,"Вступление в наследство, сроки, завещание, наследство без завещания, обязательная доля, долги и споры наследников.",7,Спор между наследниками,spor-mezhdu-naslednikami,"Что делать, если ваша ситуация связана с темой: спор между наследниками."
9,Наследство,nasledstvo,,"Вступление в наследство, сроки, завещание, наследство без завещания, обязательная доля, долги и споры наследников.",8,Нотариус,notarius,"Что делать, если ваша ситуация связана с темой: нотариус."
9,Наследство,nasledstvo,,"Вступление в наследство, сроки, завещание, наследство без завещания, обязательная доля, долги и споры наследников.",9,Наследство на квартиру,nasledstvo-na-kvartiru,"Что делать, если ваша ситуация связана с темой: наследство на квартиру."
9,Наследство,nasledstvo,,"Вступление в наследство, сроки, завещание, наследство без завещания, обязательная доля, долги и споры наследников.",10,Отказ от наследства,otkaz-ot-nasledstva,"Что делать, если ваша ситуация связана с темой: отказ от наследства."
10,"Суд, жалобы и защита прав",sud-zhaloby-i-zashchita-prav,Суд,"Иски, судебные приказы, апелляции, исполнительные листы, жалобы в ведомства, претензии и восстановление сроков.",1,Исковое заявление,iskovoe-zayavlenie,"Что делать, если ваша ситуация связана с темой: исковое заявление."
10,"Суд, жалобы и защита прав",sud-zhaloby-i-zashchita-prav,Суд,"Иски, судебные приказы, апелляции, исполнительные листы, жалобы в ведомства, претензии и восстановление сроков.",2,Судебный приказ,sudebnyy-prikaz,"Что делать, если ваша ситуация связана с темой: судебный приказ."
10,"Суд, жалобы и защита прав",sud-zhaloby-i-zashchita-prav,Суд,"Иски, судебные приказы, апелляции, исполнительные листы, жалобы в ведомства, претензии и восстановление сроков.",3,Обжалование решения суда,obzhalovanie-resheniya-suda,"Что делать, если ваша ситуация связана с темой: обжалование решения суда."
10,"Суд, жалобы и защита прав",sud-zhaloby-i-zashchita-prav,Суд,"Иски, судебные приказы, апелляции, исполнительные листы, жалобы в ведомства, претензии и восстановление сроков.",4,Апелляция,apellyaciya,"Что делать, если ваша ситуация связана с темой: апелляция."
10,"Суд, жалобы и защита прав",sud-zhaloby-i-zashchita-prav,Суд,"Иски, судебные приказы, апелляции, исполнительные листы, жалобы в ведомства, претензии и восстановление сроков.",5,Исполнительный лист,ispolnitelnyy-list,"Что делать, если ваша ситуация связана с темой: исполнительный лист."
10,"Суд, жалобы и защита прав",sud-zhaloby-i-zashchita-prav,Суд,"Иски, судебные приказы, апелляции, исполнительные листы, жалобы в ведомства, претензии и восстановление сроков.",6,Жалоба в прокуратуру,zhaloba-v-prokuraturu,"Что делать, если ваша ситуация связана с темой: жалоба в прокуратуру."
10,"Суд, жалобы и защита прав",sud-zhaloby-i-zashchita-prav,Суд,"Иски, судебные приказы, апелляции, исполнительные листы, жалобы в ведомства, претензии и восстановление сроков.",7,Жалоба в Роспотребнадзор,zhaloba-v-rospotrebnadzor,"Что делать, если ваша ситуация связана с темой: жалоба в роспотребнадзор."
10,"Суд, жалобы и защита прав",sud-zhaloby-i-zashchita-prav,Суд,"Иски, судебные приказы, апелляции, исполнительные листы, жалобы в ведомства, претензии и восстановление сроков.",8,Жалоба в трудовую инспекцию,zhaloba-v-trudovuyu-inspekciyu,"Что делать, если ваша ситуация связана с темой: жалоба в трудовую инспекцию."
10,"Суд, жалобы и защита прав",sud-zhaloby-i-zashchita-prav,Суд,"Иски, судебные приказы, апелляции, исполнительные листы, жалобы в ведомства, претензии и восстановление сроков.",9,Жалоба на пристава,zhaloba-na-pristava,"Что делать, если ваша ситуация связана с темой: жалоба на пристава."
10,"Суд, жалобы и защита прав",sud-zhaloby-i-zashchita-prav,Суд,"Иски, судебные приказы, апелляции, исполнительные листы, жалобы в ведомства, претензии и восстановление сроков.",10,Восстановление сроков,vosstanovlenie-srokov,"Что делать, если ваша ситуация связана с темой: восстановление сроков."
10,"Суд, жалобы и защита прав",sud-zhaloby-i-zashchita-prav,Суд,"Иски, судебные приказы, апелляции, исполнительные листы, жалобы в ведомства, претензии и восстановление сроков.",11,Досудебная претензия,dosudebnaya-pretenziya,"Что делать, если ваша ситуация связана с темой: досудебная претензия."
11,"Пенсии, пособия и социальные выплаты",pensii-posobiya-i-socialnye-vyplaty,Социальные выплаты,"Пенсии, детские пособия, единое пособие, выплаты беременным и многодетным, льготы, субсидии и выплаты семьям участников СВО.",1,Пенсия по возрасту,pensiya-po-vozrastu,"Что делать, если ваша ситуация связана с темой: пенсия по возрасту."
11,"Пенсии, пособия и социальные выплаты",pensii-posobiya-i-socialnye-vyplaty,Социальные выплаты,"Пенсии, детские пособия, единое пособие, выплаты беременным и многодетным, льготы, субсидии и выплаты семьям участников СВО.",2,Пенсия по инвалидности,pensiya-po-invalidnosti,"Что делать, если ваша ситуация связана с темой: пенсия по инвалидности."
11,"Пенсии, пособия и социальные выплаты",pensii-posobiya-i-socialnye-vyplaty,Социальные выплаты,"Пенсии, детские пособия, единое пособие, выплаты беременным и многодетным, льготы, субсидии и выплаты семьям участников СВО.",3,Социальные пособия,socialnye-posobiya,"Что делать, если ваша ситуация связана с темой: социальные пособия."
11,"Пенсии, пособия и социальные выплаты",pensii-posobiya-i-socialnye-vyplaty,Социальные выплаты,"Пенсии, детские пособия, единое пособие, выплаты беременным и многодетным, льготы, субсидии и выплаты семьям участников СВО.",4,Детские пособия,detskie-posobiya,"Что делать, если ваша ситуация связана с темой: детские пособия."
11,"Пенсии, пособия и социальные выплаты",pensii-posobiya-i-socialnye-vyplaty,Социальные выплаты,"Пенсии, детские пособия, единое пособие, выплаты беременным и многодетным, льготы, субсидии и выплаты семьям участников СВО.",5,Единое пособие,edinoe-posobie,"Что делать, если ваша ситуация связана с темой: единое пособие."
11,"Пенсии, пособия и социальные выплаты",pensii-posobiya-i-socialnye-vyplaty,Социальные выплаты,"Пенсии, детские пособия, единое пособие, выплаты беременным и многодетным, льготы, субсидии и выплаты семьям участников СВО.",6,Выплаты беременным,vyplaty-beremennym,"Что делать, если ваша ситуация связана с темой: выплаты беременным."
11,"Пенсии, пособия и социальные выплаты",pensii-posobiya-i-socialnye-vyplaty,Социальные выплаты,"Пенсии, детские пособия, единое пособие, выплаты беременным и многодетным, льготы, субсидии и выплаты семьям участников СВО.",7,Выплаты многодетным,vyplaty-mnogodetnym,"Что делать, если ваша ситуация связана с темой: выплаты многодетным."
11,"Пенсии, пособия и социальные выплаты",pensii-posobiya-i-socialnye-vyplaty,Социальные выплаты,"Пенсии, детские пособия, единое пособие, выплаты беременным и многодетным, льготы, субсидии и выплаты семьям участников СВО.",8,Субсидии,subsidii,"Что делать, если ваша ситуация связана с темой: субсидии."
11,"Пенсии, пособия и социальные выплаты",pensii-posobiya-i-socialnye-vyplaty,Социальные выплаты,"Пенсии, детские пособия, единое пособие, выплаты беременным и многодетным, льготы, субсидии и выплаты семьям участников СВО.",9,Льготы,lgoty,"Что делать, если ваша ситуация связана с темой: льготы."
11,"Пенсии, пособия и социальные выплаты",pensii-posobiya-i-socialnye-vyplaty,Социальные выплаты,"Пенсии, детские пособия, единое пособие, выплаты беременным и многодетным, льготы, субсидии и выплаты семьям участников СВО.",10,Выплаты семьям участников СВО,vyplaty-semyam-uchastnikov-svo,"Что делать, если ваша ситуация связана с темой: выплаты семьям участников сво."
11,"Пенсии, пособия и социальные выплаты",pensii-posobiya-i-socialnye-vyplaty,Социальные выплаты,"Пенсии, детские пособия, единое пособие, выплаты беременным и многодетным, льготы, субсидии и выплаты семьям участников СВО.",11,Выплаты при ранении,vyplaty-pri-ranenii,"Что делать, если ваша ситуация связана с темой: выплаты при ранении."
11,"Пенсии, пособия и социальные выплаты",pensii-posobiya-i-socialnye-vyplaty,Социальные выплаты,"Пенсии, детские пособия, единое пособие, выплаты беременным и многодетным, льготы, субсидии и выплаты семьям участников СВО.",12,Выплаты при гибели военнослужащего,vyplaty-pri-gibeli-voennosluzhashchego,"Что делать, если ваша ситуация связана с темой: выплаты при гибели военнослужащего."
12,ЖКХ и коммунальные услуги,zhkh-i-kommunalnye-uslugi,ЖКХ,"Долги за ЖКХ, управляющая компания, перерасчёт, капремонт, отключения, затопление квартиры, ТСЖ и собрания собственников.",1,Долги за ЖКХ,dolgi-za-zhkh,"Что делать, если ваша ситуация связана с темой: долги за жкх."
12,ЖКХ и коммунальные услуги,zhkh-i-kommunalnye-uslugi,ЖКХ,"Долги за ЖКХ, управляющая компания, перерасчёт, капремонт, отключения, затопление квартиры, ТСЖ и собрания собственников.",2,Управляющая компания,upravlyayushchaya-kompaniya,"Что делать, если ваша ситуация связана с темой: управляющая компания."
12,ЖКХ и коммунальные услуги,zhkh-i-kommunalnye-uslugi,ЖКХ,"Долги за ЖКХ, управляющая компания, перерасчёт, капремонт, отключения, затопление квартиры, ТСЖ и собрания собственников.",3,Перерасчёт коммунальных платежей,pereraschet-kommunalnyh-platezhey,"Что делать, если ваша ситуация связана с темой: перерасчёт коммунальных платежей."
12,ЖКХ и коммунальные услуги,zhkh-i-kommunalnye-uslugi,ЖКХ,"Долги за ЖКХ, управляющая компания, перерасчёт, капремонт, отключения, затопление квартиры, ТСЖ и собрания собственников.",4,Капремонт,kapremont,"Что делать, если ваша ситуация связана с темой: капремонт."
12,ЖКХ и коммунальные услуги,zhkh-i-kommunalnye-uslugi,ЖКХ,"Долги за ЖКХ, управляющая компания, перерасчёт, капремонт, отключения, затопление квартиры, ТСЖ и собрания собственников.",5,"Отключение воды, света или газа",otklyuchenie-vody-sveta-ili-gaza,"Что делать, если ваша ситуация связана с темой: отключение воды, света или газа."
12,ЖКХ и коммунальные услуги,zhkh-i-kommunalnye-uslugi,ЖКХ,"Долги за ЖКХ, управляющая компания, перерасчёт, капремонт, отключения, затопление квартиры, ТСЖ и собрания собственников.",6,Затопление квартиры,zatoplenie-kvartiry,"Что делать, если ваша ситуация связана с темой: затопление квартиры."
12,ЖКХ и коммунальные услуги,zhkh-i-kommunalnye-uslugi,ЖКХ,"Долги за ЖКХ, управляющая компания, перерасчёт, капремонт, отключения, затопление квартиры, ТСЖ и собрания собственников.",7,Общее имущество дома,obshchee-imushchestvo-doma,"Что делать, если ваша ситуация связана с темой: общее имущество дома."
12,ЖКХ и коммунальные услуги,zhkh-i-kommunalnye-uslugi,ЖКХ,"Долги за ЖКХ, управляющая компания, перерасчёт, капремонт, отключения, затопление квартиры, ТСЖ и собрания собственников.",8,Собрание собственников,sobranie-sobstvennikov,"Что делать, если ваша ситуация связана с темой: собрание собственников."
12,ЖКХ и коммунальные услуги,zhkh-i-kommunalnye-uslugi,ЖКХ,"Долги за ЖКХ, управляющая компания, перерасчёт, капремонт, отключения, затопление квартиры, ТСЖ и собрания собственников.",9,ТСЖ,tszh,"Что делать, если ваша ситуация связана с темой: тсж."
12,ЖКХ и коммунальные услуги,zhkh-i-kommunalnye-uslugi,ЖКХ,"Долги за ЖКХ, управляющая компания, перерасчёт, капремонт, отключения, затопление квартиры, ТСЖ и собрания собственников.",10,Споры с соседями,spory-s-sosedyami,"Что делать, если ваша ситуация связана с темой: споры с соседями."
13,Медицина и здоровье,medicina-i-zdorove,Медицина,"Больничные, медицинские ошибки, отказ в лечении, ОМС, инвалидность, лекарства, медкомиссии и вред здоровью.",1,Больничный лист,bolnichnyy-list,"Что делать, если ваша ситуация связана с темой: больничный лист."
13,Медицина и здоровье,medicina-i-zdorove,Медицина,"Больничные, медицинские ошибки, отказ в лечении, ОМС, инвалидность, лекарства, медкомиссии и вред здоровью.",2,Медицинская ошибка,medicinskaya-oshibka,"Что делать, если ваша ситуация связана с темой: медицинская ошибка."
13,Медицина и здоровье,medicina-i-zdorove,Медицина,"Больничные, медицинские ошибки, отказ в лечении, ОМС, инвалидность, лекарства, медкомиссии и вред здоровью.",3,Отказ в лечении,otkaz-v-lechenii,"Что делать, если ваша ситуация связана с темой: отказ в лечении."
13,Медицина и здоровье,medicina-i-zdorove,Медицина,"Больничные, медицинские ошибки, отказ в лечении, ОМС, инвалидность, лекарства, медкомиссии и вред здоровью.",4,ОМС,oms,"Что делать, если ваша ситуация связана с темой: омс."
13,Медицина и здоровье,medicina-i-zdorove,Медицина,"Больничные, медицинские ошибки, отказ в лечении, ОМС, инвалидность, лекарства, медкомиссии и вред здоровью.",5,Инвалидность,invalidnost,"Что делать, если ваша ситуация связана с темой: инвалидность."
13,Медицина и здоровье,medicina-i-zdorove,Медицина,"Больничные, медицинские ошибки, отказ в лечении, ОМС, инвалидность, лекарства, медкомиссии и вред здоровью.",6,Лекарства,lekarstva,"Что делать, если ваша ситуация связана с темой: лекарства."
13,Медицина и здоровье,medicina-i-zdorove,Медицина,"Больничные, медицинские ошибки, отказ в лечении, ОМС, инвалидность, лекарства, медкомиссии и вред здоровью.",7,Психиатрическая помощь,psihiatricheskaya-pomoshch,"Что делать, если ваша ситуация связана с темой: психиатрическая помощь."
13,Медицина и здоровье,medicina-i-zdorove,Медицина,"Больничные, медицинские ошибки, отказ в лечении, ОМС, инвалидность, лекарства, медкомиссии и вред здоровью.",8,Медкомиссия,medkomissiya,"Что делать, если ваша ситуация связана с темой: медкомиссия."
13,Медицина и здоровье,medicina-i-zdorove,Медицина,"Больничные, медицинские ошибки, отказ в лечении, ОМС, инвалидность, лекарства, медкомиссии и вред здоровью.",9,ВВК,vvk,"Что делать, если ваша ситуация связана с темой: ввк."
13,Медицина и здоровье,medicina-i-zdorove,Медицина,"Больничные, медицинские ошибки, отказ в лечении, ОМС, инвалидность, лекарства, медкомиссии и вред здоровью.",10,Компенсация вреда здоровью,kompensaciya-vreda-zdorovyu,"Что делать, если ваша ситуация связана с темой: компенсация вреда здоровью."
14,Образование,obrazovanie,,"Школа, детский сад, колледж, вуз, отчисление, академический отпуск, платное обучение, права студентов и родителей.",1,Школа,shkola,"Что делать, если ваша ситуация связана с темой: школа."
14,Образование,obrazovanie,,"Школа, детский сад, колледж, вуз, отчисление, академический отпуск, платное обучение, права студентов и родителей.",2,Детский сад,detskiy-sad,"Что делать, если ваша ситуация связана с темой: детский сад."
14,Образование,obrazovanie,,"Школа, детский сад, колледж, вуз, отчисление, академический отпуск, платное обучение, права студентов и родителей.",3,Колледж,kolledzh,"Что делать, если ваша ситуация связана с темой: колледж."
14,Образование,obrazovanie,,"Школа, детский сад, колледж, вуз, отчисление, академический отпуск, платное обучение, права студентов и родителей.",4,Вуз,vuz,"Что делать, если ваша ситуация связана с темой: вуз."
14,Образование,obrazovanie,,"Школа, детский сад, колледж, вуз, отчисление, академический отпуск, платное обучение, права студентов и родителей.",5,Отчисление,otchislenie,"Что делать, если ваша ситуация связана с темой: отчисление."
14,Образование,obrazovanie,,"Школа, детский сад, колледж, вуз, отчисление, академический отпуск, платное обучение, права студентов и родителей.",6,Академический отпуск,akademicheskiy-otpusk,"Что делать, если ваша ситуация связана с темой: академический отпуск."
14,Образование,obrazovanie,,"Школа, детский сад, колледж, вуз, отчисление, академический отпуск, платное обучение, права студентов и родителей.",7,Платное обучение,platnoe-obuchenie,"Что делать, если ваша ситуация связана с темой: платное обучение."
14,Образование,obrazovanie,,"Школа, детский сад, колледж, вуз, отчисление, академический отпуск, платное обучение, права студентов и родителей.",8,Возврат денег за обучение,vozvrat-deneg-za-obuchenie,"Что делать, если ваша ситуация связана с темой: возврат денег за обучение."
14,Образование,obrazovanie,,"Школа, детский сад, колледж, вуз, отчисление, академический отпуск, платное обучение, права студентов и родителей.",9,Конфликт с образовательной организацией,konflikt-s-obrazovatelnoy-organizaciey,"Что делать, если ваша ситуация связана с темой: конфликт с образовательной организацией."
14,Образование,obrazovanie,,"Школа, детский сад, колледж, вуз, отчисление, академический отпуск, платное обучение, права студентов и родителей.",10,Права студента,prava-studenta,"Что делать, если ваша ситуация связана с темой: права студента."
14,Образование,obrazovanie,,"Школа, детский сад, колледж, вуз, отчисление, академический отпуск, платное обучение, права студентов и родителей.",11,Права родителей школьника,prava-roditeley-shkolnika,"Что делать, если ваша ситуация связана с темой: права родителей школьника."
15,"Бизнес, ИП и самозанятые",biznes-ip-i-samozanyatye,Бизнес,"Регистрация ИП, самозанятость, договоры, налоги, штрафы, проверки, закрытие ИП, долги и споры с контрагентами.",1,Регистрация ИП,registraciya-ip,"Что делать, если ваша ситуация связана с темой: регистрация ип."
15,"Бизнес, ИП и самозанятые",biznes-ip-i-samozanyatye,Бизнес,"Регистрация ИП, самозанятость, договоры, налоги, штрафы, проверки, закрытие ИП, долги и споры с контрагентами.",2,Самозанятость,samozanyatost,"Что делать, если ваша ситуация связана с темой: самозанятость."
15,"Бизнес, ИП и самозанятые",biznes-ip-i-samozanyatye,Бизнес,"Регистрация ИП, самозанятость, договоры, налоги, штрафы, проверки, закрытие ИП, долги и споры с контрагентами.",3,Договор с клиентом,dogovor-s-klientom,"Что делать, если ваша ситуация связана с темой: договор с клиентом."
15,"Бизнес, ИП и самозанятые",biznes-ip-i-samozanyatye,Бизнес,"Регистрация ИП, самозанятость, договоры, налоги, штрафы, проверки, закрытие ИП, долги и споры с контрагентами.",4,Налоги ИП,nalogi-ip,"Что делать, если ваша ситуация связана с темой: налоги ип."
15,"Бизнес, ИП и самозанятые",biznes-ip-i-samozanyatye,Бизнес,"Регистрация ИП, самозанятость, договоры, налоги, штрафы, проверки, закрытие ИП, долги и споры с контрагентами.",5,Штрафы бизнеса,shtrafy-biznesa,"Что делать, если ваша ситуация связана с темой: штрафы бизнеса."
15,"Бизнес, ИП и самозанятые",biznes-ip-i-samozanyatye,Бизнес,"Регистрация ИП, самозанятость, договоры, налоги, штрафы, проверки, закрытие ИП, долги и споры с контрагентами.",6,Проверки,proverki,"Что делать, если ваша ситуация связана с темой: проверки."
15,"Бизнес, ИП и самозанятые",biznes-ip-i-samozanyatye,Бизнес,"Регистрация ИП, самозанятость, договоры, налоги, штрафы, проверки, закрытие ИП, долги и споры с контрагентами.",7,Закрытие ИП,zakrytie-ip,"Что делать, если ваша ситуация связана с темой: закрытие ип."
15,"Бизнес, ИП и самозанятые",biznes-ip-i-samozanyatye,Бизнес,"Регистрация ИП, самозанятость, договоры, налоги, штрафы, проверки, закрытие ИП, долги и споры с контрагентами.",8,Долги ИП,dolgi-ip,"Что делать, если ваша ситуация связана с темой: долги ип."
15,"Бизнес, ИП и самозанятые",biznes-ip-i-samozanyatye,Бизнес,"Регистрация ИП, самозанятость, договоры, налоги, штрафы, проверки, закрытие ИП, долги и споры с контрагентами.",9,Споры с контрагентами,spory-s-kontragentami,"Что делать, если ваша ситуация связана с темой: споры с контрагентами."
15,"Бизнес, ИП и самозанятые",biznes-ip-i-samozanyatye,Бизнес,"Регистрация ИП, самозанятость, договоры, налоги, штрафы, проверки, закрытие ИП, долги и споры с контрагентами.",10,Онлайн-бизнес,onlayn-biznes,"Что делать, если ваша ситуация связана с темой: онлайн-бизнес."
16,Уголовные и административные риски,ugolovnye-i-administrativnye-riski,Уголовные риски,"Административные штрафы, заявления в полицию, допросы, побои, кража, мошенничество, угрозы, клевета и судимость.",1,Административный штраф,administrativnyy-shtraf,"Что делать, если ваша ситуация связана с темой: административный штраф."
16,Уголовные и административные риски,ugolovnye-i-administrativnye-riski,Уголовные риски,"Административные штрафы, заявления в полицию, допросы, побои, кража, мошенничество, угрозы, клевета и судимость.",2,Привлечение к ответственности,privlechenie-k-otvetstvennosti,"Что делать, если ваша ситуация связана с темой: привлечение к ответственности."
16,Уголовные и административные риски,ugolovnye-i-administrativnye-riski,Уголовные риски,"Административные штрафы, заявления в полицию, допросы, побои, кража, мошенничество, угрозы, клевета и судимость.",3,Побои,poboi,"Что делать, если ваша ситуация связана с темой: побои."
16,Уголовные и административные риски,ugolovnye-i-administrativnye-riski,Уголовные риски,"Административные штрафы, заявления в полицию, допросы, побои, кража, мошенничество, угрозы, клевета и судимость.",4,Кража,krazha,"Что делать, если ваша ситуация связана с темой: кража."
16,Уголовные и административные риски,ugolovnye-i-administrativnye-riski,Уголовные риски,"Административные штрафы, заявления в полицию, допросы, побои, кража, мошенничество, угрозы, клевета и судимость.",5,Мошенничество,moshennichestvo,"Что делать, если ваша ситуация связана с темой: мошенничество."
16,Уголовные и административные риски,ugolovnye-i-administrativnye-riski,Уголовные риски,"Административные штрафы, заявления в полицию, допросы, побои, кража, мошенничество, угрозы, клевета и судимость.",6,Наркотики,narkotiki,"Что делать, если ваша ситуация связана с темой: наркотики."
16,Уголовные и административные риски,ugolovnye-i-administrativnye-riski,Уголовные риски,"Административные штрафы, заявления в полицию, допросы, побои, кража, мошенничество, угрозы, клевета и судимость.",7,Угроза,ugroza,"Что делать, если ваша ситуация связана с темой: угроза."
16,Уголовные и административные риски,ugolovnye-i-administrativnye-riski,Уголовные риски,"Административные штрафы, заявления в полицию, допросы, побои, кража, мошенничество, угрозы, клевета и судимость.",8,Клевета,kleveta,"Что делать, если ваша ситуация связана с темой: клевета."
16,Уголовные и административные риски,ugolovnye-i-administrativnye-riski,Уголовные риски,"Административные штрафы, заявления в полицию, допросы, побои, кража, мошенничество, угрозы, клевета и судимость.",9,Заявление в полицию,zayavlenie-v-policiyu,"Что делать, если ваша ситуация связана с темой: заявление в полицию."
16,Уголовные и административные риски,ugolovnye-i-administrativnye-riski,Уголовные риски,"Административные штрафы, заявления в полицию, допросы, побои, кража, мошенничество, угрозы, клевета и судимость.",10,Допрос,dopros,"Что делать, если ваша ситуация связана с темой: допрос."
16,Уголовные и административные риски,ugolovnye-i-administrativnye-riski,Уголовные риски,"Административные штрафы, заявления в полицию, допросы, побои, кража, мошенничество, угрозы, клевета и судимость.",11,Судимость,sudimost,"Что делать, если ваша ситуация связана с темой: судимость."
16,Уголовные и административные риски,ugolovnye-i-administrativnye-riski,Уголовные риски,"Административные штрафы, заявления в полицию, допросы, побои, кража, мошенничество, угрозы, клевета и судимость.",12,Условный срок,uslovnyy-srok,"Что делать, если ваша ситуация связана с темой: условный срок."
17,"Документы, персональные данные и госуслуги",dokumenty-personalnye-dannye-i-gosuslugi,Документы,"Паспорт, СНИЛС, ИНН, загранпаспорт, доверенности, справки, персональные данные, ошибки в документах и Госуслуги.",1,Паспорт,pasport,"Что делать, если ваша ситуация связана с темой: паспорт."
17,"Документы, персональные данные и госуслуги",dokumenty-personalnye-dannye-i-gosuslugi,Документы,"Паспорт, СНИЛС, ИНН, загранпаспорт, доверенности, справки, персональные данные, ошибки в документах и Госуслуги.",2,СНИЛС,snils,"Что делать, если ваша ситуация связана с темой: снилс."
17,"Документы, персональные данные и госуслуги",dokumenty-personalnye-dannye-i-gosuslugi,Документы,"Паспорт, СНИЛС, ИНН, загранпаспорт, доверенности, справки, персональные данные, ошибки в документах и Госуслуги.",3,ИНН,inn,"Что делать, если ваша ситуация связана с темой: инн."
17,"Документы, персональные данные и госуслуги",dokumenty-personalnye-dannye-i-gosuslugi,Документы,"Паспорт, СНИЛС, ИНН, загранпаспорт, доверенности, справки, персональные данные, ошибки в документах и Госуслуги.",4,Загранпаспорт,zagranpasport,"Что делать, если ваша ситуация связана с темой: загранпаспорт."
17,"Документы, персональные данные и госуслуги",dokumenty-personalnye-dannye-i-gosuslugi,Документы,"Паспорт, СНИЛС, ИНН, загранпаспорт, доверенности, справки, персональные данные, ошибки в документах и Госуслуги.",5,Доверенность,doverennost,"Что делать, если ваша ситуация связана с темой: доверенность."
17,"Документы, персональные данные и госуслуги",dokumenty-personalnye-dannye-i-gosuslugi,Документы,"Паспорт, СНИЛС, ИНН, загранпаспорт, доверенности, справки, персональные данные, ошибки в документах и Госуслуги.",6,Справки,spravki,"Что делать, если ваша ситуация связана с темой: справки."
17,"Документы, персональные данные и госуслуги",dokumenty-personalnye-dannye-i-gosuslugi,Документы,"Паспорт, СНИЛС, ИНН, загранпаспорт, доверенности, справки, персональные данные, ошибки в документах и Госуслуги.",7,Персональные данные,personalnye-dannye,"Что делать, если ваша ситуация связана с темой: персональные данные."
17,"Документы, персональные данные и госуслуги",dokumenty-personalnye-dannye-i-gosuslugi,Документы,"Паспорт, СНИЛС, ИНН, загранпаспорт, доверенности, справки, персональные данные, ошибки в документах и Госуслуги.",8,Ошибка в документах,oshibka-v-dokumentah,"Что делать, если ваша ситуация связана с темой: ошибка в документах."
17,"Документы, персональные данные и госуслуги",dokumenty-personalnye-dannye-i-gosuslugi,Документы,"Паспорт, СНИЛС, ИНН, загранпаспорт, доверенности, справки, персональные данные, ошибки в документах и Госуслуги.",9,Госуслуги,gosuslugi,"Что делать, если ваша ситуация связана с темой: госуслуги."
17,"Документы, персональные данные и госуслуги",dokumenty-personalnye-dannye-i-gosuslugi,Документы,"Паспорт, СНИЛС, ИНН, загранпаспорт, доверенности, справки, персональные данные, ошибки в документах и Госуслуги.",10,Электронная подпись,elektronnaya-podpis,"Что делать, если ваша ситуация связана с темой: электронная подпись."
17,"Документы, персональные данные и госуслуги",dokumenty-personalnye-dannye-i-gosuslugi,Документы,"Паспорт, СНИЛС, ИНН, загранпаспорт, доверенности, справки, персональные данные, ошибки в документах и Госуслуги.",11,Архивные документы,arhivnye-dokumenty,"Что делать, если ваша ситуация связана с темой: архивные документы."
